FIPS,County,Median Sale Price 2019,Predicted Median Sale Price 2020,Lower 95% Prediction Inverval,Upper 95% Prediction Inverval,Median Sale Price increase,Median Sale Price % increase
36105,"Sullivan County, NY","$145,108","$187,989","$164,257","$211,721","$42,880",29.55
36009,"Cattaraugus County, NY","$90,312","$114,008","$106,973","$121,043","$23,696",26.24
42005,"Armstrong County, PA","$93,379","$117,221","$106,515","$127,927","$23,842",25.53
45073,"Oconee County, SC","$201,821","$251,871","$249,018","$254,723","$50,050",24.8
34011,"Cumberland County, NJ","$124,746","$155,550","$150,220","$160,880","$30,804",24.69
01043,"Cullman County, AL","$157,361","$195,925","$162,108","$229,742","$38,564",24.51
39009,"Athens County, OH","$131,023","$162,245","$85,837","$238,653","$31,222",23.83
09005,"Litchfield County, CT","$208,204","$255,952","$231,680","$280,223","$47,747",22.93
26111,"Midland County, MI","$150,333","$184,794","$123,365","$246,222","$34,460",22.92
36101,"Steuben County, NY","$87,763","$107,290","$96,718","$117,861","$19,527",22.25
47155,"Sevier County, TN","$231,475","$280,396","$254,405","$306,387","$48,921",21.13
34001,"Atlantic County, NJ","$185,528","$224,320","$204,971","$243,668","$38,792",20.91
13247,"Rockdale County, GA","$176,088","$212,313","$203,999","$220,627","$36,225",20.57
26159,"Van Buren County, MI","$169,477","$202,738","$184,987","$220,489","$33,261",19.63
13245,"Richmond County, GA","$129,545","$154,837","$144,567","$165,108","$25,292",19.52
39109,"Miami County, OH","$153,433","$183,327","$174,771","$191,883","$29,893",19.48
16027,"Canyon County, ID","$245,996","$293,560","$277,291","$309,829","$47,565",19.34
26017,"Bay County, MI","$97,457","$116,125","$106,983","$125,266","$18,667",19.15
01049,"DeKalb County, AL","$131,688","$156,886","$153,505","$160,267","$25,198",19.13
34041,"Warren County, NJ","$207,533","$247,014","$205,867","$288,162","$39,481",19.02
49053,"Washington County, UT","$319,399","$380,102","$364,927","$395,276","$60,703",19.01
09001,"Fairfield County, CT","$382,104","$454,394","$443,320","$465,468","$72,290",18.92
04003,"Cochise County, AZ","$151,498","$179,549","$151,007","$208,091","$28,051",18.52
47141,"Putnam County, TN","$212,552","$251,889","$239,290","$264,487","$39,337",18.51
12131,"Walton County, FL","$418,195","$494,739","$487,485","$501,992","$76,544",18.3
06083,"Santa Barbara County, CA","$601,146","$709,055","$643,433","$774,678","$107,910",17.95
48099,"Coryell County, TX","$144,650","$170,400","$163,081","$177,718","$25,750",17.8
48213,"Henderson County, TX","$193,378","$227,724","$203,194","$252,253","$34,346",17.76
39141,"Ross County, OH","$147,079","$173,157","$161,502","$184,811","$26,077",17.73
47157,"Shelby County, TN","$181,488","$212,938","$202,370","$223,507","$31,451",17.33
25013,"Hampden County, MA","$234,779","$275,387","$238,405","$312,370","$40,608",17.3
34029,"Ocean County, NJ","$255,129","$298,929","$291,842","$306,016","$43,800",17.17
34037,"Sussex County, NJ","$226,408","$264,776","$242,513","$287,040","$38,368",16.95
36053,"Madison County, NY","$144,062","$168,364","$158,732","$177,997","$24,302",16.87
13255,"Spalding County, GA","$150,909","$176,141","$162,039","$190,244","$25,232",16.72
34009,"Cape May County, NJ","$375,694","$437,946","$388,656","$487,236","$62,252",16.57
26005,"Allegan County, MI","$202,792","$236,377","$229,062","$243,691","$33,585",16.56
37159,"Rowan County, NC","$160,279","$186,811","$168,955","$204,668","$26,532",16.55
36119,"Westchester County, NY","$526,354","$612,732","$584,725","$640,738","$86,377",16.41
42051,"Fayette County, PA","$113,594","$132,238","$127,323","$137,152","$18,644",16.41
53045,"Mason County, WA","$264,011","$307,302","$297,621","$316,983","$43,291",16.4
34013,"Essex County, NJ","$362,661","$421,590","$379,020","$464,161","$58,929",16.25
45013,"Beaufort County, SC","$254,225","$295,412","$250,766","$340,058","$41,187",16.2
26021,"Berrien County, MI","$180,533","$209,484","$190,699","$228,269","$28,951",16.04
36111,"Ulster County, NY","$222,593","$258,113","$246,924","$269,302","$35,520",15.96
16055,"Kootenai County, ID","$320,050","$371,100","$347,386","$394,814","$51,050",15.95
39057,"Greene County, OH","$178,133","$206,401","$198,225","$214,578","$28,268",15.87
41035,"Klamath County, OR","$191,355","$221,694","$184,628","$258,761","$30,339",15.85
33005,"Cheshire County, NH","$204,392","$236,722","$213,501","$259,943","$32,330",15.82
42107,"Schuylkill County, PA","$85,467","$98,934","$85,381","$112,487","$13,468",15.76
34007,"Camden County, NJ","$176,815","$204,657","$178,745","$230,569","$27,842",15.75
23011,"Kennebec County, ME","$158,838","$183,831","$171,677","$195,984","$24,993",15.74
12107,"Putnam County, FL","$148,271","$171,385","$166,828","$175,942","$23,114",15.59
39007,"Ashtabula County, OH","$107,333","$123,984","$114,867","$133,101","$16,651",15.51
37067,"Forsyth County, NC","$177,495","$204,936","$192,154","$217,717","$27,441",15.46
09015,"Windham County, CT","$190,862","$220,349","$209,989","$230,709","$29,486",15.45
34015,"Gloucester County, NJ","$185,904","$214,603","$189,659","$239,547","$28,698",15.44
39043,"Erie County, OH","$163,758","$189,000","$175,118","$202,882","$25,242",15.41
40131,"Rogers County, OK","$184,351","$212,555","$205,736","$219,374","$28,204",15.3
26087,"Lapeer County, MI","$185,423","$213,694","$195,908","$231,479","$28,271",15.25
55127,"Walworth County, WI","$222,312","$255,976","$239,965","$271,987","$33,663",15.14
13045,"Carroll County, GA","$171,701","$197,681","$181,172","$214,189","$25,980",15.13
44005,"Newport County, RI","$418,367","$481,579","$472,357","$490,800","$63,212",15.11
40119,"Payne County, OK","$98,740","$113,623","$103,995","$123,250","$14,883",15.07
53007,"Chelan County, WA","$358,346","$412,215","$402,311","$422,120","$53,869",15.03
16083,"Twin Falls County, ID","$204,469","$235,140","$228,071","$242,210","$30,671",15.0
29187,"St. Francois County, MO","$125,750","$144,506","$125,849","$163,163","$18,756",14.92
34039,"Union County, NJ","$360,708","$414,499","$376,332","$452,666","$53,791",14.91
13013,"Barrow County, GA","$199,837","$229,578","$219,521","$239,635","$29,741",14.88
37057,"Davidson County, NC","$162,727","$186,901","$179,098","$194,703","$24,174",14.86
53027,"Grays Harbor County, WA","$210,207","$241,315","$234,386","$248,244","$31,108",14.8
47001,"Anderson County, TN","$161,303","$185,162","$175,939","$194,384","$23,859",14.79
53063,"Spokane County, WA","$266,133","$305,479","$285,212","$325,747","$39,346",14.78
49045,"Tooele County, UT","$276,815","$317,301","$314,966","$319,636","$40,486",14.63
36071,"Orange County, NY","$253,154","$290,025","$274,437","$305,613","$36,871",14.56
21037,"Campbell County, KY","$162,779","$186,420","$176,442","$196,399","$23,641",14.52
27035,"Crow Wing County, MN","$210,387","$240,863","$232,712","$249,014","$30,476",14.49
40143,"Tulsa County, OK","$176,344","$201,837","$195,746","$207,929","$25,494",14.46
23001,"Androscoggin County, ME","$169,142","$193,439","$185,753","$201,124","$24,296",14.36
12053,"Hernando County, FL","$177,904","$203,304","$196,737","$209,870","$25,399",14.28
53041,"Lewis County, WA","$256,923","$293,255","$285,408","$301,102","$36,332",14.14
34025,"Monmouth County, NJ","$398,246","$454,385","$438,874","$469,896","$56,139",14.1
06053,"Monterey County, CA","$600,896","$685,549","$670,178","$700,920","$84,653",14.09
37157,"Rockingham County, NC","$129,962","$148,258","$131,930","$164,585","$18,295",14.08
04017,"Navajo County, AZ","$261,373","$298,131","$286,154","$310,108","$36,758",14.06
13063,"Clayton County, GA","$144,796","$164,994","$160,028","$169,960","$20,198",13.95
42101,"Philadelphia County, PA","$206,973","$235,832","$226,703","$244,962","$28,859",13.94
12083,"Marion County, FL","$163,550","$186,339","$179,773","$192,906","$22,789",13.93
39089,"Licking County, OH","$201,025","$228,989","$223,996","$233,981","$27,964",13.91
13217,"Newton County, GA","$177,627","$202,315","$199,832","$204,798","$24,688",13.9
37071,"Gaston County, NC","$189,552","$215,662","$207,292","$224,032","$26,110",13.77
13285,"Troup County, GA","$157,158","$178,743","$175,041","$182,444","$21,584",13.73
15009,"Maui County, HI","$633,977","$720,876","$692,867","$748,884","$86,899",13.71
16001,"Ada County, ID","$338,239","$384,598","$372,525","$396,671","$46,359",13.71
40125,"Pottawatomie County, OK","$137,118","$155,884","$132,301","$179,466","$18,765",13.69
18095,"Madison County, IN","$116,567","$132,485","$114,560","$150,410","$15,918",13.66
25001,"Barnstable County, MA","$401,208","$455,882","$452,337","$459,427","$54,674",13.63
51650,"Hampton, VA","$177,279","$201,425","$195,770","$207,081","$24,146",13.62
33009,"Grafton County, NH","$209,040","$237,374","$230,476","$244,271","$28,334",13.55
34021,"Mercer County, NJ","$244,992","$278,181","$244,821","$311,540","$33,189",13.55
06057,"Nevada County, CA","$456,274","$517,913","$500,528","$535,298","$61,639",13.51
39061,"Hamilton County, OH","$164,250","$186,437","$181,500","$191,374","$22,187",13.51
47147,"Robertson County, TN","$232,154","$263,014","$250,228","$275,799","$30,859",13.29
39045,"Fairfield County, OH","$215,902","$244,572","$238,224","$250,920","$28,670",13.28
37171,"Surry County, NC","$132,973","$150,629","$143,239","$158,018","$17,656",13.28
04013,"Maricopa County, AZ","$289,808","$328,260","$313,247","$343,272","$38,451",13.27
34019,"Hunterdon County, NJ","$358,922","$406,474","$395,190","$417,757","$47,551",13.25
33013,"Merrimack County, NH","$254,740","$288,451","$282,236","$294,666","$33,711",13.23
26145,"Saginaw County, MI","$105,710","$119,673","$110,907","$128,440","$13,963",13.21
35049,"Santa Fe County, NM","$389,829","$441,213","$422,392","$460,034","$51,384",13.18
20209,"Wyandotte County, KS","$138,599","$156,833","$151,042","$162,625","$18,235",13.16
34003,"Bergen County, NJ","$452,958","$512,519","$500,546","$524,491","$59,560",13.15
36113,"Warren County, NY","$200,221","$226,273","$207,493","$245,053","$26,052",13.01
55139,"Winnebago County, WI","$152,361","$172,159","$168,322","$175,996","$19,798",12.99
37085,"Harnett County, NC","$191,944","$216,847","$200,493","$233,200","$24,902",12.97
23031,"York County, ME","$276,642","$312,536","$302,971","$322,100","$35,894",12.97
13089,"DeKalb County, GA","$245,174","$276,803","$269,368","$284,237","$31,629",12.9
36027,"Dutchess County, NY","$294,125","$331,867","$325,082","$338,652","$37,742",12.83
53057,"Skagit County, WA","$365,182","$411,901","$403,280","$420,522","$46,719",12.79
53053,"Pierce County, WA","$364,117","$410,669","$402,784","$418,554","$46,552",12.78
37081,"Guilford County, NC","$185,369","$209,060","$198,808","$219,312","$23,690",12.78
12073,"Leon County, FL","$201,208","$226,788","$212,745","$240,831","$25,580",12.71
04021,"Pinal County, AZ","$228,947","$258,044","$250,699","$265,388","$29,096",12.71
13139,"Hall County, GA","$248,559","$280,132","$275,608","$284,656","$31,573",12.7
06033,"Lake County, CA","$257,667","$290,199","$281,715","$298,683","$32,532",12.63
55087,"Outagamie County, WI","$183,012","$206,093","$201,612","$210,575","$23,081",12.61
12103,"Pinellas County, FL","$238,987","$269,122","$265,907","$272,337","$30,135",12.61
48367,"Parker County, TX","$286,070","$322,079","$310,902","$333,255","$36,009",12.59
51760,"Richmond City County, VA","$253,225","$285,065","$256,949","$313,180","$31,840",12.57
48027,"Bell County, TX","$172,259","$193,836","$187,336","$200,335","$21,576",12.53
53009,"Clallam County, WA","$302,992","$340,863","$326,063","$355,664","$37,872",12.5
36013,"Chautauqua County, NY","$94,017","$105,723","$82,106","$129,339","$11,705",12.45
21117,"Kenton County, KY","$162,208","$182,393","$170,774","$194,012","$20,184",12.44
13115,"Floyd County, GA","$147,971","$166,382","$155,671","$177,093","$18,411",12.44
09013,"Tolland County, CT","$216,117","$242,954","$237,831","$248,078","$26,837",12.42
13223,"Paulding County, GA","$215,505","$242,218","$234,706","$249,730","$26,713",12.4
55009,"Brown County, WI","$192,708","$216,577","$205,067","$228,087","$23,869",12.39
41039,"Lane County, OR","$304,805","$342,548","$331,762","$353,334","$37,743",12.38
06039,"Madera County, CA","$278,288","$312,592","$299,627","$325,558","$34,305",12.33
25023,"Plymouth County, MA","$382,705","$429,820","$417,822","$441,817","$47,114",12.31
13015,"Bartow County, GA","$193,189","$216,904","$213,366","$220,442","$23,716",12.28
28121,"Rankin County, MS","$190,765","$214,133","$211,346","$216,919","$23,368",12.25
47125,"Montgomery County, TN","$195,726","$219,691","$202,558","$236,824","$23,965",12.24
39095,"Lucas County, OH","$119,737","$134,389","$117,670","$151,107","$14,651",12.24
01089,"Madison County, AL","$215,529","$241,838","$225,824","$257,852","$26,309",12.21
28033,"DeSoto County, MS","$212,013","$237,837","$230,037","$245,636","$25,824",12.18
28049,"Hinds County, MS","$137,719","$154,433","$144,932","$163,933","$16,714",12.14
49057,"Weber County, UT","$257,660","$288,904","$275,923","$301,885","$31,244",12.13
13097,"Douglas County, GA","$193,946","$217,367","$202,726","$232,009","$23,422",12.08
18097,"Marion County, IN","$155,706","$174,491","$166,563","$182,418","$18,785",12.06
53029,"Island County, WA","$369,494","$414,026","$384,771","$443,282","$44,532",12.05
25027,"Worcester County, MA","$283,991","$317,981","$303,644","$332,317","$33,990",11.97
39055,"Geauga County, OH","$247,162","$276,683","$268,307","$285,059","$29,520",11.94
40109,"Oklahoma County, OK","$178,291","$199,558","$185,698","$213,419","$21,267",11.93
12033,"Escambia County, FL","$199,607","$223,391","$208,708","$238,074","$23,784",11.92
23005,"Cumberland County, ME","$316,088","$353,724","$347,631","$359,817","$37,636",11.91
45075,"Orangeburg County, SC","$180,029","$201,456","$194,545","$208,368","$21,427",11.9
01103,"Morgan County, AL","$156,924","$175,561","$169,779","$181,343","$18,637",11.88
33015,"Rockingham County, NH","$359,898","$402,485","$382,399","$422,571","$42,586",11.83
24043,"Washington County, MD","$198,600","$222,094","$219,276","$224,912","$23,494",11.83
24510,"Baltimore City County, MD","$151,329","$169,224","$154,000","$184,449","$17,895",11.83
55027,"Dodge County, WI","$160,471","$179,446","$168,087","$190,804","$18,975",11.82
12101,"Pasco County, FL","$213,652","$238,901","$223,279","$254,524","$25,250",11.82
48453,"Travis County, TX","$361,517","$404,101","$387,641","$420,561","$42,584",11.78
39099,"Mahoning County, OH","$107,829","$120,525","$113,085","$127,966","$12,696",11.77
55035,"Eau Claire County, WI","$188,893","$211,084","$204,785","$217,384","$22,192",11.75
55117,"Sheboygan County, WI","$159,188","$177,823","$172,086","$183,559","$18,635",11.71
53015,"Cowlitz County, WA","$276,257","$308,517","$284,843","$332,192","$32,260",11.68
53035,"Kitsap County, WA","$369,327","$412,393","$391,349","$433,437","$43,066",11.66
41033,"Josephine County, OR","$293,974","$328,025","$323,963","$332,088","$34,051",11.58
37089,"Henderson County, NC","$275,458","$307,362","$296,808","$317,916","$31,904",11.58
45077,"Pickens County, SC","$183,850","$205,050","$193,526","$216,574","$21,200",11.53
04005,"Coconino County, AZ","$382,043","$425,800","$412,759","$438,842","$43,757",11.45
44007,"Providence County, RI","$250,942","$279,647","$266,930","$292,364","$28,705",11.44
55071,"Manitowoc County, WI","$118,172","$131,676","$109,338","$154,014","$13,504",11.43
33011,"Hillsborough County, NH","$290,053","$323,183","$306,622","$339,745","$33,131",11.42
15007,"Kauai County, HI","$634,020","$706,289","$688,434","$724,143","$72,269",11.4
12021,"Collier County, FL","$345,878","$385,292","$369,994","$400,589","$39,413",11.4
09011,"New London County, CT","$218,033","$242,857","$227,057","$258,656","$24,823",11.39
17091,"Kankakee County, IL","$140,242","$156,202","$149,130","$163,273","$15,960",11.38
12011,"Broward County, FL","$268,179","$298,533","$293,097","$303,969","$30,354",11.32
36093,"Schenectady County, NY","$161,250","$179,495","$171,267","$187,724","$18,245",11.32
24001,"Allegany County, MD","$98,558","$109,701","$102,123","$117,278","$11,142",11.31
24033,"Prince George's County, MD","$310,067","$345,098","$320,258","$369,938","$35,031",11.3
31153,"Sarpy County, NE","$236,074","$262,758","$258,357","$267,159","$26,684",11.3
09009,"New Haven County, CT","$211,042","$234,835","$227,250","$242,420","$23,794",11.27
40145,"Wagoner County, OK","$176,299","$196,175","$195,175","$197,175","$19,876",11.27
01055,"Etowah County, AL","$138,629","$154,220","$150,760","$157,681","$15,591",11.25
21151,"Madison County, KY","$177,172","$197,056","$187,513","$206,599","$19,884",11.22
25009,"Essex County, MA","$426,975","$474,880","$453,301","$496,459","$47,905",11.22
39165,"Warren County, OH","$247,128","$274,812","$252,610","$297,014","$27,684",11.2
47093,"Knox County, TN","$217,074","$241,390","$222,694","$260,086","$24,316",11.2
51013,"Arlington County, VA","$603,940","$671,500","$622,776","$720,224","$67,560",11.19
49005,"Cache County, UT","$256,050","$284,670","$281,699","$287,641","$28,620",11.18
13157,"Jackson County, GA","$242,926","$270,047","$259,517","$280,576","$27,120",11.16
42045,"Delaware County, PA","$216,467","$240,555","$217,750","$263,361","$24,089",11.13
53067,"Thurston County, WA","$335,227","$372,497","$354,660","$390,335","$37,271",11.12
41059,"Umatilla County, OR","$210,365","$233,727","$226,531","$240,923","$23,362",11.11
39151,"Stark County, OH","$139,192","$154,619","$147,528","$161,710","$15,427",11.08
55039,"Fond du Lac County, WI","$142,117","$157,854","$152,134","$163,574","$15,737",11.07
26163,"Wayne County, MI","$135,433","$150,421","$146,824","$154,017","$14,987",11.07
32031,"Washoe County, NV","$366,190","$406,702","$402,814","$410,591","$40,512",11.06
45007,"Anderson County, SC","$182,550","$202,722","$193,286","$212,158","$20,172",11.05
27141,"Sherburne County, MN","$255,494","$283,704","$280,270","$287,139","$28,210",11.04
36065,"Oneida County, NY","$123,191","$136,732","$127,368","$146,096","$13,541",10.99
34033,"Salem County, NJ","$130,458","$144,788","$104,561","$185,016","$14,330",10.98
17099,"LaSalle County, IL","$119,109","$132,192","$115,727","$148,657","$13,083",10.98
01073,"Jefferson County, AL","$204,632","$227,037","$215,816","$238,258","$22,405",10.95
13297,"Walton County, GA","$237,871","$263,900","$247,149","$280,650","$26,029",10.94
39113,"Montgomery County, OH","$128,962","$143,044","$134,979","$151,109","$14,081",10.92
04025,"Yavapai County, AZ","$335,906","$372,504","$364,306","$380,702","$36,598",10.9
20103,"Leavenworth County, KS","$204,983","$227,301","$217,649","$236,952","$22,317",10.89
01121,"Talladega County, AL","$143,230","$158,769","$148,360","$169,179","$15,539",10.85
25005,"Bristol County, MA","$307,685","$341,022","$323,581","$358,463","$33,337",10.83
05031,"Craighead County, AR","$155,268","$172,091","$168,682","$175,500","$16,823",10.83
36011,"Cayuga County, NY","$123,274","$136,623","$122,892","$150,353","$13,349",10.83
37193,"Wilkes County, NC","$141,021","$156,245","$133,452","$179,038","$15,224",10.8
36075,"Oswego County, NY","$105,767","$117,112","$114,106","$120,119","$11,346",10.73
01115,"St. Clair County, AL","$196,944","$218,012","$201,475","$234,550","$21,069",10.7
01095,"Marshall County, AL","$149,557","$165,544","$145,086","$186,003","$15,987",10.69
39049,"Franklin County, OH","$198,617","$219,822","$210,912","$228,733","$21,206",10.68
42003,"Allegheny County, PA","$176,438","$195,239","$186,024","$204,454","$18,801",10.66
29095,"Jackson County, MO","$176,492","$195,295","$189,065","$201,526","$18,804",10.65
05051,"Garland County, AR","$164,579","$182,042","$169,242","$194,842","$17,463",10.61
09003,"Hartford County, CT","$212,363","$234,855","$224,579","$245,131","$22,492",10.59
37119,"Mecklenburg County, NC","$269,163","$297,545","$282,927","$312,163","$28,382",10.54
42091,"Montgomery County, PA","$296,631","$327,877","$310,737","$345,018","$31,247",10.53
23019,"Penobscot County, ME","$149,046","$164,735","$157,752","$171,719","$15,689",10.53
37161,"Rutherford County, NC","$185,783","$205,338","$165,586","$245,090","$19,555",10.53
44003,"Kent County, RI","$241,731","$267,163","$258,345","$275,980","$25,432",10.52
29189,"St. Louis County, MO","$192,204","$212,433","$205,463","$219,403","$20,229",10.52
26155,"Shiawassee County, MI","$124,096","$137,157","$124,464","$149,850","$13,061",10.52
53061,"Snohomish County, WA","$472,178","$521,807","$512,698","$530,916","$49,629",10.51
42095,"Northampton County, PA","$208,431","$230,321","$224,506","$236,137","$21,890",10.5
18109,"Morgan County, IN","$174,602","$192,911","$180,995","$204,827","$18,309",10.49
15001,"Hawaii County, HI","$374,875","$414,144","$405,303","$422,984","$39,269",10.48
05007,"Benton County, AR","$216,067","$238,700","$212,296","$265,104","$22,633",10.48
12086,"Miami-Dade County, FL","$306,187","$338,246","$329,146","$347,346","$32,059",10.47
04019,"Pima County, AZ","$225,852","$249,498","$236,689","$262,306","$23,646",10.47
55105,"Rock County, WI","$165,162","$182,444","$176,700","$188,189","$17,282",10.46
37097,"Iredell County, NC","$263,916","$291,458","$271,422","$311,495","$27,543",10.44
37151,"Randolph County, NC","$152,301","$168,182","$157,398","$178,967","$15,882",10.43
24015,"Cecil County, MD","$230,946","$255,026","$247,380","$262,671","$24,080",10.43
41043,"Linn County, OR","$270,733","$298,920","$295,702","$302,138","$28,186",10.41
40037,"Creek County, OK","$140,988","$155,657","$152,478","$158,837","$14,669",10.4
49011,"Davis County, UT","$327,901","$362,017","$353,891","$370,144","$34,116",10.4
29099,"Jefferson County, MO","$180,271","$199,018","$185,006","$213,031","$18,747",10.4
12099,"Palm Beach County, FL","$282,204","$311,497","$299,451","$323,543","$29,293",10.38
36103,"Suffolk County, NY","$396,958","$438,128","$416,794","$459,463","$41,170",10.37
12057,"Hillsborough County, FL","$237,805","$262,444","$258,303","$266,585","$24,639",10.36
12009,"Brevard County, FL","$228,396","$251,987","$250,842","$253,131","$23,591",10.33
06065,"Riverside County, CA","$387,553","$427,518","$425,202","$429,834","$39,965",10.31
34005,"Burlington County, NJ","$220,299","$243,011","$216,815","$269,208","$22,713",10.31
41047,"Marion County, OR","$301,098","$332,095","$329,761","$334,428","$30,997",10.29
13077,"Coweta County, GA","$258,690","$285,321","$273,574","$297,067","$26,631",10.29
42041,"Cumberland County, PA","$205,504","$226,625","$218,647","$234,604","$21,121",10.28
51177,"Spotsylvania County, VA","$289,367","$319,053","$300,641","$337,465","$29,687",10.26
26065,"Ingham County, MI","$132,933","$146,554","$141,966","$151,141","$13,620",10.25
01015,"Calhoun County, AL","$121,671","$134,122","$122,261","$145,982","$12,451",10.23
29031,"Cape Girardeau County, MO","$159,304","$175,607","$157,913","$193,301","$16,303",10.23
55101,"Racine County, WI","$177,764","$195,934","$190,713","$201,155","$18,170",10.22
12115,"Sarasota County, FL","$269,337","$296,863","$294,434","$299,292","$27,526",10.22
21029,"Bullitt County, KY","$189,726","$209,104","$202,752","$215,456","$19,378",10.21
24037,"St. Mary's County, MD","$285,971","$315,122","$303,681","$326,564","$29,152",10.19
48021,"Bastrop County, TX","$247,502","$272,704","$267,498","$277,910","$25,202",10.18
45083,"Spartanburg County, SC","$190,221","$209,514","$201,495","$217,532","$19,293",10.14
36055,"Monroe County, NY","$148,862","$163,944","$154,568","$173,320","$15,082",10.13
51510,"Alexandria, VA","$527,008","$580,352","$575,675","$585,028","$53,343",10.12
51740,"Portsmouth, VA","$168,071","$185,034","$172,655","$197,412","$16,963",10.09
28059,"Jackson County, MS","$154,592","$170,175","$158,685","$181,665","$15,584",10.08
48471,"Walker County, TX","$198,399","$218,358","$215,009","$221,708","$19,959",10.06
34031,"Passaic County, NJ","$329,425","$362,564","$345,280","$379,849","$33,139",10.06
45051,"Horry County, SC","$199,421","$219,481","$208,746","$230,216","$20,060",10.06
12031,"Duval County, FL","$204,024","$224,543","$219,044","$230,042","$20,520",10.06
55063,"La Crosse County, WI","$193,171","$212,590","$210,195","$214,985","$19,419",10.05
18059,"Hancock County, IN","$204,023","$224,524","$209,855","$239,192","$20,501",10.05
39025,"Clermont County, OH","$194,900","$214,482","$195,578","$233,386","$19,582",10.05
39035,"Cuyahoga County, OH","$139,149","$153,105","$146,984","$159,226","$13,956",10.03
13067,"Cobb County, GA","$278,004","$305,891","$302,434","$309,349","$27,887",10.03
17097,"Lake County, IL","$242,118","$266,407","$258,934","$273,880","$24,289",10.03
06067,"Sacramento County, CA","$366,251","$402,967","$398,572","$407,363","$36,716",10.02
51700,"Newport News, VA","$189,514","$208,502","$199,381","$217,622","$18,988",10.02
06099,"Stanislaus County, CA","$323,083","$355,399","$346,437","$364,361","$32,316",10.0
12087,"Monroe County, FL","$561,458","$617,536","$609,034","$626,038","$56,078",9.99
28089,"Madison County, MS","$247,910","$272,559","$256,745","$288,373","$24,649",9.94
37001,"Alamance County, NC","$187,290","$205,906","$182,422","$229,390","$18,616",9.94
06041,"Marin County, CA","$1,152,042","$1,266,509","$1,204,828","$1,328,190","$114,468",9.94
28047,"Harrison County, MS","$167,330","$183,942","$169,325","$198,559","$16,612",9.93
24021,"Frederick County, MD","$321,326","$353,196","$345,460","$360,932","$31,870",9.92
36069,"Ontario County, NY","$180,575","$198,479","$190,946","$206,013","$17,904",9.92
12095,"Orange County, FL","$270,970","$297,769","$294,238","$301,301","$26,799",9.89
21111,"Jefferson County, KY","$186,930","$205,417","$197,959","$212,875","$18,487",9.89
18043,"Floyd County, IN","$183,404","$201,537","$183,011","$220,063","$18,133",9.89
37021,"Buncombe County, NC","$304,042","$334,089","$321,906","$346,272","$30,047",9.88
27139,"Scott County, MN","$308,154","$338,574","$332,224","$344,924","$30,419",9.87
49049,"Utah County, UT","$328,875","$361,201","$355,765","$366,638","$32,327",9.83
06019,"Fresno County, CA","$276,682","$303,859","$299,237","$308,481","$27,177",9.82
18063,"Hendricks County, IN","$217,475","$238,837","$223,859","$253,816","$21,362",9.82
36029,"Erie County, NY","$162,348","$178,266","$168,019","$188,513","$15,918",9.8
51710,"Norfolk, VA","$211,654","$232,400","$217,032","$247,767","$20,745",9.8
42001,"Adams County, PA","$197,583","$216,937","$209,816","$224,057","$19,354",9.8
51061,"Fauquier County, VA","$403,110","$442,492","$407,315","$477,670","$39,382",9.77
44009,"Washington County, RI","$362,808","$398,195","$392,625","$403,765","$35,387",9.75
37179,"Union County, NC","$303,000","$332,550","$326,374","$338,726","$29,550",9.75
06077,"San Joaquin County, CA","$373,625","$409,943","$408,280","$411,605","$36,318",9.72
06071,"San Bernardino County, CA","$350,750","$384,820","$374,395","$395,245","$34,070",9.71
13151,"Henry County, GA","$212,944","$233,593","$228,798","$238,389","$20,649",9.7
49035,"Salt Lake County, UT","$344,458","$377,803","$364,935","$390,671","$33,345",9.68
26081,"Kent County, MI","$204,408","$224,144","$218,060","$230,228","$19,736",9.66
29047,"Clay County, MO","$212,317","$232,825","$226,227","$239,424","$20,509",9.66
13135,"Gwinnett County, GA","$255,044","$279,491","$271,382","$287,601","$24,447",9.59
06013,"Contra Costa County, CA","$621,625","$681,174","$661,227","$701,122","$59,549",9.58
06029,"Kern County, CA","$242,644","$265,814","$254,327","$277,301","$23,170",9.55
45057,"Lancaster County, SC","$293,308","$321,133","$300,262","$342,003","$27,824",9.49
55097,"Portage County, WI","$178,051","$194,911","$186,394","$203,428","$16,860",9.47
47009,"Blount County, TN","$220,404","$241,185","$230,077","$252,293","$20,781",9.43
21015,"Boone County, KY","$209,854","$229,631","$225,845","$233,418","$19,777",9.42
53073,"Whatcom County, WA","$386,458","$422,785","$417,884","$427,686","$36,327",9.4
12015,"Charlotte County, FL","$220,405","$241,113","$237,953","$244,273","$20,708",9.4
36087,"Rockland County, NY","$414,687","$453,625","$446,676","$460,573","$38,937",9.39
41017,"Deschutes County, OR","$412,810","$451,552","$444,994","$458,111","$38,742",9.38
39103,"Medina County, OH","$215,677","$235,918","$223,721","$248,115","$20,241",9.38
47037,"Davidson County, TN","$298,429","$326,414","$314,695","$338,134","$27,985",9.38
20091,"Johnson County, KS","$294,271","$321,853","$307,923","$335,784","$27,583",9.37
55133,"Waukesha County, WI","$303,971","$332,463","$320,664","$344,261","$28,492",9.37
45019,"Charleston County, SC","$339,690","$371,466","$363,203","$379,728","$31,776",9.35
55079,"Milwaukee County, WI","$167,685","$183,359","$174,192","$192,526","$15,674",9.35
48251,"Johnson County, TX","$218,197","$238,494","$233,122","$243,865","$20,297",9.3
18081,"Johnson County, IN","$197,354","$215,660","$201,342","$229,979","$18,306",9.28
12091,"Okaloosa County, FL","$245,891","$268,681","$263,647","$273,715","$22,790",9.27
24027,"Howard County, MD","$406,888","$444,553","$428,085","$461,020","$37,665",9.26
13051,"Chatham County, GA","$221,090","$241,546","$237,400","$245,692","$20,456",9.25
21067,"Fayette County, KY","$207,385","$226,563","$221,918","$231,207","$19,178",9.25
13031,"Bulloch County, GA","$160,558","$175,397","$165,416","$185,378","$14,839",9.24
42077,"Lehigh County, PA","$195,408","$213,463","$204,783","$222,143","$18,055",9.24
26099,"Macomb County, MI","$170,621","$186,354","$182,801","$189,907","$15,733",9.22
08031,"Denver County, CO","$429,327","$468,870","$456,726","$481,015","$39,543",9.21
51069,"Frederick County, VA","$262,434","$286,568","$283,229","$289,906","$24,133",9.2
53025,"Grant County, WA","$228,285","$249,276","$214,363","$284,189","$20,990",9.19
27171,"Wright County, MN","$266,953","$291,416","$288,596","$294,237","$24,464",9.16
01083,"Limestone County, AL","$225,397","$246,042","$234,256","$257,827","$20,645",9.16
37025,"Cabarrus County, NC","$243,435","$265,716","$257,276","$274,157","$22,281",9.15
06047,"Merced County, CA","$282,965","$308,823","$303,921","$313,725","$25,858",9.14
41053,"Polk County, OR","$315,570","$344,398","$339,908","$348,888","$28,828",9.14
12071,"Lee County, FL","$235,092","$256,556","$253,026","$260,086","$21,464",9.13
29510,"St. Louis City County, MO","$158,603","$173,075","$163,533","$182,617","$14,472",9.12
12105,"Polk County, FL","$203,992","$222,585","$214,034","$231,135","$18,592",9.11
48209,"Hays County, TX","$271,595","$296,306","$291,640","$300,972","$24,711",9.1
39153,"Summit County, OH","$144,062","$157,167","$147,866","$166,468","$13,104",9.1
06095,"Solano County, CA","$439,000","$478,786","$476,174","$481,399","$39,786",9.06
31109,"Lancaster County, NE","$199,392","$217,420","$215,389","$219,452","$18,028",9.04
47165,"Sumner County, TN","$287,395","$313,363","$304,446","$322,279","$25,967",9.04
45015,"Berkeley County, SC","$252,130","$274,788","$271,678","$277,898","$22,658",8.99
34035,"Somerset County, NJ","$370,438","$403,709","$382,314","$425,105","$33,272",8.98
41029,"Jackson County, OR","$313,536","$341,525","$332,179","$350,870","$27,989",8.93
12127,"Volusia County, FL","$214,312","$233,420","$221,981","$244,860","$19,109",8.92
42007,"Beaver County, PA","$140,487","$152,992","$144,377","$161,608","$12,505",8.9
39101,"Marion County, OH","$106,500","$115,970","$91,713","$140,227","$9,470",8.89
42017,"Bucks County, PA","$316,950","$345,131","$335,009","$355,254","$28,181",8.89
06087,"Santa Cruz County, CA","$818,083","$890,732","$847,386","$934,078","$72,649",8.88
24017,"Charles County, MD","$311,216","$338,848","$330,643","$347,052","$27,632",8.88
26139,"Ottawa County, MI","$235,746","$256,615","$245,735","$267,495","$20,869",8.85
42071,"Lancaster County, PA","$212,122","$230,857","$219,682","$242,031","$18,735",8.83
17197,"Will County, IL","$226,950","$246,980","$242,845","$251,116","$20,030",8.83
10003,"New Castle County, DE","$236,234","$257,014","$238,262","$275,766","$20,780",8.8
42063,"Indiana County, PA","$111,966","$121,821","$116,080","$127,562","$9,855",8.8
26049,"Genesee County, MI","$144,149","$156,827","$152,675","$160,978","$12,678",8.79
51153,"Prince William County, VA","$372,125","$404,775","$393,799","$415,750","$32,650",8.77
39169,"Wayne County, OH","$147,904","$160,868","$147,167","$174,570","$12,964",8.77
17111,"McHenry County, IL","$217,788","$236,849","$232,783","$240,914","$19,061",8.75
55059,"Kenosha County, WI","$191,579","$208,338","$187,607","$229,070","$16,759",8.75
09007,"Middlesex County, CT","$256,823","$279,266","$265,875","$292,657","$22,443",8.74
26115,"Monroe County, MI","$178,592","$194,179","$190,817","$197,542","$15,587",8.73
53011,"Clark County, WA","$372,636","$405,127","$400,381","$409,873","$32,491",8.72
06111,"Ventura County, CA","$600,646","$653,022","$644,532","$661,511","$52,376",8.72
24013,"Carroll County, MD","$324,389","$352,629","$348,399","$356,859","$28,240",8.71
42129,"Westmoreland County, PA","$145,016","$157,633","$152,609","$162,658","$12,617",8.7
51810,"Virginia Beach, VA","$267,662","$290,942","$282,740","$299,145","$23,280",8.7
34027,"Morris County, NJ","$416,246","$452,432","$434,570","$470,295","$36,186",8.69
33017,"Strafford County, NH","$266,108","$289,239","$276,739","$301,740","$23,131",8.69
18057,"Hamilton County, IN","$288,299","$313,351","$310,072","$316,629","$25,052",8.69
36083,"Rensselaer County, NY","$183,076","$198,974","$193,316","$204,632","$15,897",8.68
48441,"Taylor County, TX","$177,829","$193,189","$176,307","$210,071","$15,360",8.64
37109,"Lincoln County, NC","$277,432","$301,377","$280,443","$322,311","$23,945",8.63
39017,"Butler County, OH","$188,862","$205,168","$200,437","$209,900","$16,306",8.63
48113,"Dallas County, TX","$245,545","$266,748","$262,543","$270,952","$21,203",8.63
42019,"Butler County, PA","$241,225","$262,018","$250,103","$273,934","$20,793",8.62
39155,"Trumbull County, OH","$100,750","$109,394","$98,083","$120,705","$8,644",8.58
02170,"Matanuska-Susitna Borough, AK","$260,147","$282,450","$279,177","$285,723","$22,303",8.57
17037,"DeKalb County, IL","$169,375","$183,838","$172,851","$194,825","$14,463",8.54
51800,"Suffolk, VA","$265,237","$287,870","$267,051","$308,690","$22,633",8.53
05143,"Washington County, AR","$203,350","$220,622","$213,511","$227,734","$17,273",8.49
34023,"Middlesex County, NJ","$321,521","$348,828","$337,411","$360,245","$27,307",8.49
51059,"Fairfax County, VA","$530,762","$575,700","$547,908","$603,492","$44,938",8.47
06037,"Los Angeles County, CA","$629,479","$682,764","$674,836","$690,692","$53,284",8.46
22051,"Jefferson Parish, LA","$205,882","$223,270","$207,597","$238,943","$17,387",8.45
06073,"San Diego County, CA","$580,475","$629,477","$624,708","$634,246","$49,003",8.44
42133,"York County, PA","$180,863","$196,128","$190,119","$202,137","$15,265",8.44
26025,"Calhoun County, MI","$123,402","$133,790","$118,466","$149,113","$10,388",8.42
27145,"Stearns County, MN","$190,158","$206,148","$193,410","$218,886","$15,990",8.41
42011,"Berks County, PA","$169,592","$183,840","$169,577","$198,104","$14,249",8.4
13121,"Fulton County, GA","$298,892","$323,947","$311,783","$336,110","$25,055",8.38
27037,"Dakota County, MN","$286,069","$310,028","$300,083","$319,973","$23,960",8.38
24009,"Calvert County, MD","$328,058","$355,419","$335,993","$374,845","$27,360",8.34
36005,"Bronx County, NY","$483,406","$523,666","$495,882","$551,451","$40,260",8.33
06085,"Santa Clara County, CA","$1,125,333","$1,218,917","$1,027,562","$1,410,273","$93,584",8.32
12117,"Seminole County, FL","$264,790","$286,800","$281,231","$292,369","$22,010",8.31
48231,"Hunt County, TX","$192,573","$208,565","$189,562","$227,568","$15,992",8.3
05125,"Saline County, AR","$173,688","$188,083","$183,504","$192,663","$14,395",8.29
22071,"Orleans Parish, LA","$278,779","$301,877","$291,970","$311,784","$23,098",8.29
51179,"Stafford County, VA","$356,575","$386,099","$370,597","$401,601","$29,524",8.28
50007,"Chittenden County, VT","$322,023","$348,648","$337,623","$359,673","$26,625",8.27
36067,"Onondaga County, NY","$147,806","$159,989","$150,311","$169,666","$12,182",8.24
12069,"Lake County, FL","$237,621","$257,212","$253,030","$261,393","$19,591",8.24
34017,"Hudson County, NJ","$484,262","$523,917","$515,441","$532,392","$39,654",8.19
17089,"Kane County, IL","$236,197","$255,508","$248,648","$262,367","$19,310",8.18
41005,"Clackamas County, OR","$439,379","$475,137","$466,989","$483,285","$35,758",8.14
48291,"Liberty County, TX","$172,769","$186,830","$180,344","$193,316","$14,060",8.14
05045,"Faulkner County, AR","$170,155","$183,994","$166,698","$201,290","$13,839",8.13
37037,"Chatham County, NC","$411,640","$445,037","$429,585","$460,490","$33,397",8.11
08059,"Jefferson County, CO","$431,498","$466,446","$460,569","$472,323","$34,948",8.1
41071,"Yamhill County, OR","$353,103","$381,680","$371,923","$391,437","$28,577",8.09
45091,"York County, SC","$264,342","$285,709","$276,407","$295,011","$21,367",8.08
55055,"Jefferson County, WI","$218,121","$235,667","$219,765","$251,570","$17,547",8.04
29071,"Franklin County, MO","$164,536","$177,762","$164,212","$191,311","$13,226",8.04
54003,"Berkeley County, WV","$198,853","$214,828","$204,155","$225,500","$15,975",8.03
12113,"Santa Rosa County, FL","$233,037","$251,665","$243,404","$259,926","$18,628",7.99
18019,"Clark County, IN","$175,027","$188,987","$180,951","$197,022","$13,960",7.98
27003,"Anoka County, MN","$263,325","$284,311","$278,344","$290,277","$20,986",7.97
39093,"Lorain County, OH","$159,283","$171,926","$161,815","$182,036","$12,643",7.94
39023,"Clark County, OH","$117,796","$127,133","$120,944","$133,322","$9,337",7.93
39041,"Delaware County, OH","$334,104","$360,562","$355,467","$365,658","$26,458",7.92
55089,"Ozaukee County, WI","$309,975","$334,438","$310,940","$357,936","$24,463",7.89
22033,"East Baton Rouge Parish, LA","$204,263","$220,366","$213,157","$227,575","$16,103",7.88
25017,"Middlesex County, MA","$550,596","$593,998","$584,173","$603,822","$43,402",7.88
26077,"Kalamazoo County, MI","$177,025","$190,977","$178,093","$203,860","$13,952",7.88
31055,"Douglas County, NE","$201,458","$217,284","$208,689","$225,879","$15,825",7.86
55109,"St. Croix County, WI","$266,729","$287,634","$278,770","$296,498","$20,906",7.84
48141,"El Paso County, TX","$162,515","$175,247","$164,455","$186,040","$12,733",7.83
29037,"Cass County, MO","$213,242","$229,946","$225,531","$234,361","$16,704",7.83
12097,"Osceola County, FL","$242,131","$261,084","$255,433","$266,735","$18,953",7.83
27053,"Hennepin County, MN","$301,200","$324,764","$317,702","$331,826","$23,564",7.82
17031,"Cook County, IL","$247,854","$267,163","$260,355","$273,971","$19,309",7.79
48139,"Ellis County, TX","$264,811","$285,415","$280,184","$290,646","$20,604",7.78
25021,"Norfolk County, MA","$498,294","$537,062","$517,468","$556,655","$38,768",7.78
55131,"Washington County, WI","$249,300","$268,655","$254,918","$282,393","$19,355",7.76
40027,"Cleveland County, OK","$176,205","$189,855","$181,979","$197,731","$13,650",7.75
05119,"Pulaski County, AR","$167,665","$180,652","$172,773","$188,532","$12,987",7.75
41019,"Douglas County, OR","$235,321","$253,547","$233,939","$273,155","$18,226",7.75
22103,"St. Tammany Parish, LA","$226,009","$243,501","$238,741","$248,261","$17,493",7.74
06059,"Orange County, CA","$712,438","$767,512","$749,724","$785,301","$55,075",7.73
13153,"Houston County, GA","$188,148","$202,677","$198,518","$206,836","$14,529",7.72
51041,"Chesterfield County, VA","$264,211","$284,536","$277,732","$291,340","$20,326",7.69
11001,"District of Columbia, DC","$586,425","$631,335","$601,125","$661,545","$44,910",7.66
48181,"Grayson County, TX","$186,342","$200,564","$196,447","$204,681","$14,222",7.63
24025,"Harford County, MD","$269,512","$290,022","$254,215","$325,829","$20,510",7.61
21185,"Oldham County, KY","$309,421","$332,924","$321,533","$344,315","$23,504",7.6
53033,"King County, WA","$617,056","$663,886","$619,290","$708,482","$46,830",7.59
47149,"Rutherford County, TN","$268,157","$288,491","$271,935","$305,047","$20,334",7.58
42029,"Chester County, PA","$353,338","$380,066","$362,105","$398,027","$26,729",7.56
37069,"Franklin County, NC","$246,214","$264,756","$252,987","$276,525","$18,542",7.53
17201,"Winnebago County, IL","$120,846","$129,949","$114,452","$145,447","$9,103",7.53
51085,"Hanover County, VA","$307,896","$330,903","$317,397","$344,409","$23,007",7.47
48091,"Comal County, TX","$303,010","$325,637","$319,326","$331,949","$22,627",7.47
36051,"Livingston County, NY","$139,417","$149,821","$134,866","$164,776","$10,405",7.46
42075,"Lebanon County, PA","$176,425","$189,566","$182,834","$196,297","$13,141",7.45
12111,"St. Lucie County, FL","$227,768","$244,674","$241,805","$247,544","$16,907",7.42
47187,"Williamson County, TN","$505,570","$543,033","$540,141","$545,926","$37,463",7.41
08035,"Douglas County, CO","$483,000","$518,764","$506,523","$531,004","$35,764",7.4
32003,"Clark County, NV","$285,325","$306,407","$302,302","$310,512","$21,082",7.39
39085,"Lake County, OH","$151,554","$162,737","$154,666","$170,809","$11,183",7.38
37063,"Durham County, NC","$269,148","$288,989","$281,268","$296,711","$19,842",7.37
26125,"Oakland County, MI","$246,316","$264,474","$258,136","$270,812","$18,159",7.37
08001,"Adams County, CO","$365,479","$392,367","$385,999","$398,735","$26,888",7.36
36063,"Niagara County, NY","$131,429","$141,085","$131,597","$150,573","$9,656",7.35
55073,"Marathon County, WI","$166,729","$178,977","$174,630","$183,325","$12,248",7.35
51107,"Loudoun County, VA","$502,867","$539,760","$521,548","$557,973","$36,894",7.34
29183,"St. Charles County, MO","$234,473","$251,643","$244,855","$258,431","$17,170",7.32
42055,"Franklin County, PA","$177,616","$190,537","$187,166","$193,909","$12,922",7.28
48167,"Galveston County, TX","$246,319","$264,203","$239,506","$288,899","$17,884",7.26
48029,"Bexar County, TX","$218,906","$234,805","$229,595","$240,014","$15,898",7.26
13073,"Columbia County, GA","$224,516","$240,710","$227,327","$254,092","$16,194",7.21
48497,"Wise County, TX","$248,726","$266,650","$262,628","$270,672","$17,925",7.21
48215,"Hidalgo County, TX","$148,977","$159,713","$151,378","$168,048","$10,736",7.21
24003,"Anne Arundel County, MD","$353,217","$378,589","$369,066","$388,113","$25,373",7.18
13113,"Fayette County, GA","$316,108","$338,782","$331,314","$346,250","$22,674",7.17
06055,"Napa County, CA","$677,771","$726,212","$714,517","$737,907","$48,441",7.15
06061,"Placer County, CA","$495,021","$530,372","$524,642","$536,103","$35,351",7.14
48397,"Rockwall County, TX","$292,615","$313,412","$311,394","$315,430","$20,797",7.11
26147,"St. Clair County, MI","$161,087","$172,538","$167,180","$177,896","$11,450",7.11
36059,"Nassau County, NY","$529,137","$566,781","$558,916","$574,645","$37,644",7.11
45035,"Dorchester County, SC","$240,839","$257,896","$252,284","$263,507","$17,057",7.08
26121,"Muskegon County, MI","$139,905","$149,773","$133,511","$166,035","$9,868",7.05
10001,"Kent County, DE","$227,279","$243,306","$229,152","$257,461","$16,027",7.05
01117,"Shelby County, AL","$242,733","$259,657","$251,346","$267,969","$16,924",6.97
48491,"Williamson County, TX","$284,652","$304,498","$300,459","$308,538","$19,847",6.97
08013,"Boulder County, CO","$522,543","$558,975","$549,233","$568,716","$36,432",6.97
26045,"Eaton County, MI","$167,338","$178,935","$165,948","$191,923","$11,598",6.93
24031,"Montgomery County, MD","$450,075","$481,130","$465,389","$496,871","$31,055",6.9
06113,"Yolo County, CA","$447,680","$478,538","$472,741","$484,336","$30,859",6.89
12119,"Sumter County, FL","$247,882","$264,928","$249,742","$280,114","$17,046",6.88
22105,"Tangipahoa Parish, LA","$171,613","$183,412","$181,597","$185,227","$11,799",6.88
42125,"Washington County, PA","$184,767","$197,460","$176,998","$217,922","$12,693",6.87
08005,"Arapahoe County, CO","$378,941","$404,972","$400,049","$409,895","$26,031",6.87
05085,"Lonoke County, AR","$153,738","$164,280","$158,168","$170,392","$10,542",6.86
12019,"Clay County, FL","$222,479","$237,728","$233,971","$241,485","$15,249",6.85
39029,"Columbiana County, OH","$111,120","$118,733","$110,038","$127,427","$7,613",6.85
45045,"Greenville County, SC","$232,487","$248,377","$242,798","$253,955","$15,890",6.83
13117,"Forsyth County, GA","$352,252","$376,263","$372,987","$379,539","$24,011",6.82
08123,"Weld County, CO","$349,343","$373,087","$369,270","$376,904","$23,744",6.8
17093,"Kendall County, IL","$232,964","$248,789","$241,012","$256,565","$15,824",6.79
37183,"Wake County, NC","$315,859","$337,258","$334,589","$339,927","$21,399",6.77
41051,"Multnomah County, OR","$407,517","$435,071","$431,725","$438,418","$27,555",6.76
42043,"Dauphin County, PA","$166,579","$177,795","$172,992","$182,597","$11,216",6.73
06001,"Alameda County, CA","$827,792","$883,336","$836,844","$929,828","$55,544",6.71
12081,"Manatee County, FL","$284,885","$303,990","$290,724","$317,257","$19,106",6.71
06097,"Sonoma County, CA","$624,542","$666,332","$629,695","$702,970","$41,791",6.69
17043,"DuPage County, IL","$280,126","$298,858","$293,809","$303,906","$18,732",6.69
55141,"Wood County, WI","$122,532","$130,711","$121,872","$139,551","$8,179",6.68
06081,"San Mateo County, CA","$1,358,833","$1,449,544","$1,285,365","$1,613,724","$90,711",6.68
26075,"Jackson County, MI","$144,824","$154,489","$146,804","$162,174","$9,665",6.67
41003,"Benton County, OR","$369,521","$394,131","$391,621","$396,642","$24,610",6.66
24005,"Baltimore County, MD","$247,478","$263,921","$257,327","$270,516","$16,443",6.64
37101,"Johnston County, NC","$237,067","$252,686","$248,952","$256,420","$15,619",6.59
06101,"Sutter County, CA","$309,292","$329,575","$318,570","$340,581","$20,284",6.56
13057,"Cherokee County, GA","$291,200","$310,245","$301,470","$319,021","$19,046",6.54
55025,"Dane County, WI","$293,100","$311,997","$297,811","$326,184","$18,897",6.45
39173,"Wood County, OH","$191,829","$204,181","$199,664","$208,697","$12,352",6.44
39133,"Portage County, OH","$177,696","$189,142","$181,151","$197,132","$11,446",6.44
19153,"Polk County, IA","$202,720","$215,709","$209,060","$222,358","$12,989",6.41
51087,"Henrico County, VA","$260,799","$277,436","$266,585","$288,287","$16,637",6.38
48201,"Harris County, TX","$228,603","$243,135","$234,999","$251,270","$14,531",6.36
06007,"Butte County, CA","$339,462","$360,985","$341,966","$380,004","$21,523",6.34
27123,"Ramsey County, MN","$244,338","$259,830","$254,718","$264,942","$15,491",6.34
40101,"Muskogee County, OK","$116,138","$123,485","$106,053","$140,918","$7,348",6.33
41067,"Washington County, OR","$415,332","$441,557","$438,212","$444,902","$26,224",6.31
27109,"Olmsted County, MN","$241,801","$257,031","$247,168","$266,894","$15,230",6.3
12061,"Indian River County, FL","$237,418","$252,076","$243,239","$260,913","$14,658",6.17
12001,"Alachua County, FL","$216,761","$230,121","$213,106","$247,136","$13,360",6.16
12085,"Martin County, FL","$302,585","$321,117","$306,918","$335,315","$18,531",6.12
48085,"Collin County, TX","$334,789","$355,250","$351,218","$359,282","$20,461",6.11
51550,"Chesapeake, VA","$280,250","$297,314","$291,501","$303,126","$17,064",6.09
37135,"Orange County, NC","$313,179","$332,166","$325,345","$338,986","$18,986",6.06
02020,"Anchorage Borough, AK","$309,290","$327,952","$317,728","$338,176","$18,662",6.03
36117,"Wayne County, NY","$134,134","$142,198","$131,194","$153,202","$8,064",6.01
48439,"Tarrant County, TX","$240,815","$255,235","$248,648","$261,822","$14,420",5.99
26093,"Livingston County, MI","$270,612","$286,659","$281,136","$292,181","$16,046",5.93
06115,"Yuba County, CA","$314,775","$333,348","$297,293","$369,403","$18,573",5.9
27019,"Carver County, MN","$340,404","$360,319","$347,880","$372,758","$19,915",5.85
40017,"Canadian County, OK","$195,074","$206,377","$194,296","$218,458","$11,303",5.79
06017,"El Dorado County, CA","$493,958","$522,342","$504,912","$539,771","$28,384",5.75
05145,"White County, AR","$129,630","$136,983","$134,220","$139,746","$7,353",5.67
17119,"Madison County, IL","$135,350","$143,016","$137,382","$148,649","$7,666",5.66
47189,"Wilson County, TN","$329,607","$348,270","$338,352","$358,187","$18,662",5.66
22005,"Ascension Parish, LA","$237,793","$251,232","$243,059","$259,405","$13,439",5.65
13021,"Bibb County, GA","$129,422","$136,707","$134,234","$139,181","$7,285",5.63
06079,"San Luis Obispo County, CA","$604,354","$638,060","$622,693","$653,428","$33,706",5.58
36079,"Putnam County, NY","$338,460","$357,146","$350,571","$363,720","$18,685",5.52
26091,"Lenawee County, MI","$152,158","$160,489","$152,486","$168,492","$8,331",5.47
45059,"Laurens County, SC","$165,296","$174,302","$159,988","$188,615","$9,006",5.45
48257,"Kaufman County, TX","$234,429","$247,168","$242,917","$251,418","$12,739",5.43
27163,"Washington County, MN","$326,260","$343,966","$328,576","$359,356","$17,706",5.43
12109,"St. Johns County, FL","$327,874","$345,376","$341,955","$348,796","$17,502",5.34
29165,"Platte County, MO","$270,551","$284,540","$270,869","$298,212","$13,989",5.17
17163,"St. Clair County, IL","$149,375","$156,714","$146,198","$167,231","$7,339",4.91
17019,"Champaign County, IL","$157,271","$164,875","$150,460","$179,290","$7,604",4.84
51199,"York County, VA","$299,348","$313,818","$299,060","$328,577","$14,470",4.83
48157,"Fort Bend County, TX","$277,518","$290,707","$287,916","$293,498","$13,189",4.75
08069,"Larimer County, CO","$390,312","$408,425","$397,843","$419,007","$18,113",4.64
36001,"Albany County, NY","$219,158","$229,169","$223,907","$234,432","$10,011",4.57
36091,"Saratoga County, NY","$291,162","$304,348","$299,912","$308,785","$13,186",4.53
27131,"Rice County, MN","$244,160","$255,155","$239,104","$271,205","$10,994",4.5
22063,"Livingston Parish, LA","$187,254","$195,504","$185,050","$205,959","$8,251",4.41
48039,"Brazoria County, TX","$245,488","$256,294","$251,896","$260,692","$10,805",4.4
18011,"Boone County, IN","$281,540","$293,787","$288,362","$299,213","$12,247",4.35
15003,"Honolulu County, HI","$594,801","$620,482","$605,701","$635,262","$25,680",4.32
26037,"Clinton County, MI","$216,008","$225,216","$210,024","$240,408","$9,208",4.26
25025,"Suffolk County, MA","$634,000","$660,278","$641,749","$678,808","$26,278",4.14
47119,"Maury County, TN","$262,600","$273,425","$261,660","$285,191","$10,825",4.12
48121,"Denton County, TX","$315,118","$327,948","$324,134","$331,761","$12,830",4.07
23003,"Aroostook County, ME","$96,538","$100,431","$90,868","$109,993","$3,893",4.03
08014,"Broomfield County, CO","$502,003","$521,782","$497,677","$545,887","$19,779",3.94
36081,"Queens County, NY","$603,479","$627,181","$621,197","$633,165","$23,702",3.93
48339,"Montgomery County, TX","$265,271","$275,529","$269,190","$281,867","$10,258",3.87
05069,"Jefferson County, AR","$97,498","$101,228","$90,663","$111,792","$3,730",3.83
42069,"Lackawanna County, PA","$126,377","$130,813","$125,698","$135,927","$4,436",3.51
18005,"Bartholomew County, IN","$183,721","$189,859","$185,027","$194,691","$6,138",3.34
48187,"Guadalupe County, TX","$241,696","$249,469","$240,554","$258,383","$7,772",3.22
26161,"Washtenaw County, MI","$284,617","$293,673","$285,870","$301,475","$9,056",3.18
45047,"Greenwood County, SC","$184,360","$190,100","$151,059","$229,140","$5,739",3.11
36085,"Richmond County, NY","$549,127","$565,781","$546,167","$585,396","$16,654",3.03
48469,"Victoria County, TX","$188,785","$194,265","$187,256","$201,275","$5,480",2.9
42085,"Mercer County, PA","$121,142","$124,533","$106,991","$142,075","$3,392",2.8
36047,"Kings County, NY","$837,756","$860,407","$851,784","$869,029","$22,651",2.7
12035,"Flagler County, FL","$281,965","$289,343","$221,256","$357,431","$7,378",2.62
19049,"Dallas County, IA","$276,303","$282,737","$279,747","$285,728","$6,434",2.33
36045,"Jefferson County, NY","$145,715","$149,060","$122,944","$175,175","$3,345",2.3
39063,"Hancock County, OH","$164,754","$168,101","$163,324","$172,877","$3,346",2.03
06075,"San Francisco County, CA","$1,396,125","$1,424,469","$1,392,774","$1,456,163","$28,344",2.03
12089,"Nassau County, FL","$269,019","$274,218","$247,407","$301,030","$5,199",1.93
19169,"Story County, IA","$207,125","$210,671","$179,815","$241,526","$3,546",1.71
13313,"Whitfield County, GA","$166,329","$168,811","$146,121","$191,501","$2,482",1.49
39003,"Allen County, OH","$130,403","$131,651","$98,120","$165,181","$1,248",0.96
13127,"Glynn County, GA","$253,262","$254,559","$222,980","$286,138","$1,297",0.51
02090,"Fairbanks North Star Borough, AK","$245,429","$245,149","$238,807","$251,491",$-280,-0.11
19155,"Pottawattamie County, IA","$161,438","$160,402","$154,125","$166,679","$-1,036",-0.64
29021,"Buchanan County, MO","$122,207","$121,097","$105,623","$136,571","$-1,110",-0.91
42073,"Lawrence County, PA","$103,428","$101,449","$95,041","$107,857","$-1,979",-1.91
42111,"Somerset County, PA","$139,571","$136,324","$132,577","$140,071","$-3,247",-2.33
12017,"Citrus County, FL","$185,883","$181,010","$177,848","$184,171","$-4,874",-2.62
47011,"Bradley County, TN","$218,108","$212,284","$201,264","$223,304","$-5,824",-2.67
37125,"Moore County, NC","$222,000","$213,748","$186,226","$241,271","$-8,252",-3.72
18177,"Wayne County, IN","$146,271","$79,740","$51,896","$107,584","$-66,531",-45.48
